,,,,,,,,,,,,,,,,,,,,,,,,,,,,,,,,,,,,,,,,,,,,,,,,,,,,,,,,,,,,,,,,,,,,,,,,,,,,,,,,,,,,,,,,,,,,,,,,,,,,,,,,,,,,,,,,,,,,,,,,,,,,,,,,,,,,,,,,,,,,,,,,,,,,,,,,,,,,,,,,,,,,,,,,,,,,,,,,,,,,,,,,,,,,,,,,,,,,,,,,,,,,,,,,,,,*,
,,,,,,,,,,,,,,,,,,,,,,,,,,,,,,,,,,,,,,,,,,,,,,,,,,,,,,,,,,,,,,,,,,,,,,,,,,,,,,,,,,,,,,,,,,,,,,,,,,,,,,,,,,,,,,,,,,,,,,,,,,,,,,,,,,,,,,,,,,,,,,,,,,,,,,,,,,,,,,,,,,,,,,,,,,,,,,,,,,,,,,,,,,,,,,,,,,,,,,,,,,,,,,,,,,,*,
,,,,,,,,,,,,,,,,,,,,,,,,,,,,,,,,,,,,,,,,,,,,,,,,,,,,,,,,,,,,,,,,,,,,,,,,,,,,,,,,,,,,,,,,,,,,,,,,,,,,,,,,,,,,,,,,,,,,,,,,,,,,,,,,,,,,,,,,,,,,,,,,,,,,,,,,,,,,,,,,,,,,,,,,,,,,,,,,,,,,,,,,,,,,,,,,,,,,,,,,,,,,,,,,,,,*,
,,,,,,,,,,,,,,,,,,,,,,,,,,,,,,,,,,,,,,,,,,,,,,,,,,,,,,,,,,,,,,,,,,,,,,,,,,,,,,,,,Goomba,,Goomba,,,,,,,,,,,,,,,,,,,,,,,,,,,,,,,,,,,,,,,,,,,,,,,,,,,,,,,,,,,,,,,,,,,,,,,,,,,,,,,,,,,,,,,,,,,,,,,,,,,,,,,,,,,,,,,,,,,,,,,,,,,,,,,,*,
,StoneBlock,,,HiddenBlock,,,QuestionBlock+Coin,,,BrickBlock,,,GroundBlock,,,1HitBrickBlock+Star,,,,,,,,QuestionBlock+Coin,,,,,,,,,,,,,,,,,,,,,,,,,,,,,,,,,,,,,,,,,,,,,,,,,,,,,,,,BrickBlock,BrickBlock,BrickBlock,BrickBlock,BrickBlock,BrickBlock,BrickBlock,BrickBlock,,,,BrickBlock,BrickBlock,BrickBlock,QuestionBlock,,,,,,,,,,,,,,,QuestionBlock+BigMushroom,,,,,,,,,,,,BrickBlock,BrickBlock,BrickBlock,,,,,BrickBlock,QuestionBlock+Coin,QuestionBlock+Coin,BrickBlock,,,,,,,,,,,,,,,,,,,,,,,,,,,,,,,,,,,,,,,,,,,,,,,,,,,,,,,,,StoneBlock,StoneBlock,,,,,,,,,,,,,,,,,,,,,,*,
,,,,,,,,,,,,,,,,,,,,,,,,,,,,,,,,,,,,,,,,,,,,,,,,,,,,,,,,,,,,,,,,,,,,,,,,,,,,,,,,,,,,,,,,,,,,,,,,,,,,,,,,,,,,,,,,,,,,,,,,,,,,,,,,,,,,,,,,,,,,,,,,,,,,,,,,,,,,,,,,,,,,,,,,,,,,,,,,,,,,,,,,,,,StoneBlock,StoneBlock,StoneBlock,,,,,,,,,,,,,,,,,,,,,,*,
,,,,,,,,,,,,,,,,,,,,,,,,,,,,,,,,,,,,,,,,,,,,,,,,,,,,,,,,,,,,,,,,,,,,,,,,,,,,,,,,,,,,,,,,,,,,,,,,,,,,,,,,,,,,,,,,,,,,,,,,,,,,,,,,,,,,,,,,,,,,,,,,,,,,,,,,,,,,,,,,,,,,,,,,,,,,,,,,,,,,,,,,,,StoneBlock,StoneBlock,StoneBlock,StoneBlock,,,,,,,,,,,,,,,,,,,,,,*,
,,,,,,,,,,,,,,,,,,,,,,Coin,,Coin,,Coin,,,,,,,,,,,,,,,,,,,,,,,,,,,,,,,,,,,,,,HiddenBlock+LifeMushroom,,,,,,,,,,,,,,,,,,,,,,,,,,,,,,,,,,,,,,,,,,,,,,,,,,,,,,,,,,,,,,,,,,,,,,,,,,,,,,,,,,,,,,,,,,,,,,,,,,,,,,,,,,,,,,,,,,,,,,,,,StoneBlock,StoneBlock,StoneBlock,StoneBlock,StoneBlock,,,,,,,,,,,,,,,,,,,,,,*,
,QuestionBlock+BigMushroom,,,QuestionBlock+FireFlower,,,QuestionBlock+LifeMushroom,,,QuestionBlock+Star,,,QuestionBlock+Coin,,,StoneBlock,,,QuestionBlock+Coin,,,BrickBlock,QuestionBlock+BigMushroom,BrickBlock,QuestionBlock+Coin,BrickBlock,,,,,,,,,,,,,,,,,,,,,,LeftPipeTop,RightPipeTop,,,,,,,,,,LeftPipeTopP,RightPipeTopP,,,,,,,,,,,,,,,,,BrickBlock,QuestionBlock+FireFlower,BrickBlock,,,,,,,,,,,,,,,9HitBrickBlock+Coin,,,,,,BrickBlock,1HitBrickBlock+Star,,,,,QuestionBlock+Coin,,,QuestionBlock+Coin,,,QuestionBlock+Coin,,,,,,BrickBlock,,,,,,,,,,,BrickBlock,BrickBlock,,,,,,,StoneBlock,,,StoneBlock,,,,,,,,,,,StoneBlock,StoneBlock,,,StoneBlock,,,,,,,,,,,,,BrickBlock,BrickBlock,QuestionBlock+Coin,BrickBlock,,,,,,,,,,,,,StoneBlock,StoneBlock,StoneBlock,StoneBlock,StoneBlock,StoneBlock,,,,,,,,,,,,,,,,,,,,,,*,
,,,,,,,,,,,,,,,,,,,,,,,,,,,,,,Coin,Coin,,,,,,,,,LeftPipeTop,RightPipeTop,,,,,,,LeftPipePiece,RightPipePiece,,,,,,,,,,LeftPipePiece,RightPipePiece,,,,,,,,,,,,,,,,,,,,,,,,,,,,,,,,,,,,,,,,,,,,,,,,,,,,,,,,,,,,,,,,,,,,,,,,,,,,StoneBlock,StoneBlock,,,StoneBlock,StoneBlock,,,,,,,,,StoneBlock,StoneBlock,StoneBlock,,,StoneBlock,StoneBlock,,,,,,,,,,,,,,,,,,,,,,,,,,,StoneBlock,StoneBlock,StoneBlock,StoneBlock,StoneBlock,StoneBlock,StoneBlock,,,,,,,,,,,,,,,,,,,,,,*,
,,,,,,,,,,,,,,,,,,,,,,,,,,,,,,LeftPipeTop,RightPipeTop,,,,,,,,,LeftPipePiece,RightPipePiece,,,,,,,LeftPipePiece,RightPipePiece,,,,,,,,,,LeftPipePiece,RightPipePiece,,,,,,,,,,,,,,,,,,,,,,,,,,,,,,,,,,,,,,,,,,,,,,,,,,,,,,,,,,,,,,,,,,,,,,,,,,,StoneBlock,StoneBlock,StoneBlock,,,StoneBlock,StoneBlock,StoneBlock,,,,,,,StoneBlock,StoneBlock,StoneBlock,StoneBlock,,,StoneBlock,StoneBlock,StoneBlock,,,,,,LeftPipeTop,RightPipeTop,,,,,,,,,,,,,,,LeftPipeTop,RightPipeTop,,StoneBlock,StoneBlock,StoneBlock,StoneBlock,StoneBlock,StoneBlock,StoneBlock,StoneBlock,,,,,,,,,,Flag,,,,,,,,,,,,*,
Mario,,,,,,,,,,,,,,,,,,,Turtle,,,Goomba,,,,,Coin,Coin,Coin,LeftPipePiece,RightPipePiece,Coin,Coin,Coin,Coin,Coin,Coin,Coin,Coin,LeftPipePiece,RightPipePiece,,,,,,Goomba,LeftPipePiece,RightPipePiece,,,,,,,Goomba,,Goomba,LeftPipePiece,RightPipePiece,,,,,,,,,,,,,,,,,,,,,,,,,,,,,,,,,,,,Goomba,,Goomba,,,,,,,,Turtle,,,,,,,,,Goomba,,Goomba,,,,Goomba,,Goomba,,Goomba,,Goomba,,,,,,,StoneBlock,StoneBlock,StoneBlock,StoneBlock,,,StoneBlock,StoneBlock,StoneBlock,StoneBlock,,,,,StoneBlock,StoneBlock,StoneBlock,StoneBlock,StoneBlock,,,StoneBlock,StoneBlock,StoneBlock,StoneBlock,,,,,LeftPipePiece,RightPipePiece,,,,,,,Goomba,,Goomba,,,,,,LeftPipePiece,RightPipePiece,StoneBlock,StoneBlock,StoneBlock,StoneBlock,StoneBlock,StoneBlock,StoneBlock,StoneBlock,StoneBlock,,,,,,,,,,StoneBlock,,,Castle,,,,,,,,,*,
GroundBlock,GroundBlock,GroundBlock,GroundBlock,GroundBlock,GroundBlock,GroundBlock,GroundBlock,GroundBlock,GroundBlock,GroundBlock,GroundBlock,GroundBlock,GroundBlock,GroundBlock,GroundBlock,GroundBlock,GroundBlock,GroundBlock,GroundBlock,GroundBlock,GroundBlock,GroundBlock,GroundBlock,GroundBlock,GroundBlock,GroundBlock,GroundBlock,GroundBlock,GroundBlock,GroundBlock,GroundBlock,GroundBlock,GroundBlock,GroundBlock,GroundBlock,GroundBlock,GroundBlock,GroundBlock,GroundBlock,GroundBlock,GroundBlock,GroundBlock,GroundBlock,GroundBlock,GroundBlock,GroundBlock,GroundBlock,GroundBlock,GroundBlock,GroundBlock,GroundBlock,GroundBlock,GroundBlock,GroundBlock,GroundBlock,GroundBlock,GroundBlock,GroundBlock,GroundBlock,GroundBlock,GroundBlock,GroundBlock,GroundBlock,GroundBlock,GroundBlock,GroundBlock,GroundBlock,GroundBlock,,,GroundBlock,GroundBlock,GroundBlock,GroundBlock,GroundBlock,GroundBlock,GroundBlock,GroundBlock,GroundBlock,GroundBlock,GroundBlock,GroundBlock,GroundBlock,GroundBlock,GroundBlock,,,,GroundBlock,GroundBlock,GroundBlock,GroundBlock,GroundBlock,GroundBlock,GroundBlock,GroundBlock,GroundBlock,GroundBlock,GroundBlock,GroundBlock,GroundBlock,GroundBlock,GroundBlock,GroundBlock,GroundBlock,GroundBlock,GroundBlock,GroundBlock,GroundBlock,GroundBlock,GroundBlock,GroundBlock,GroundBlock,GroundBlock,GroundBlock,GroundBlock,GroundBlock,GroundBlock,GroundBlock,GroundBlock,GroundBlock,GroundBlock,GroundBlock,GroundBlock,GroundBlock,GroundBlock,GroundBlock,GroundBlock,GroundBlock,GroundBlock,GroundBlock,GroundBlock,GroundBlock,GroundBlock,GroundBlock,GroundBlock,GroundBlock,GroundBlock,GroundBlock,GroundBlock,GroundBlock,GroundBlock,GroundBlock,GroundBlock,GroundBlock,GroundBlock,GroundBlock,GroundBlock,GroundBlock,GroundBlock,GroundBlock,GroundBlock,,,GroundBlock,GroundBlock,GroundBlock,GroundBlock,GroundBlock,GroundBlock,GroundBlock,GroundBlock,GroundBlock,GroundBlock,GroundBlock,GroundBlock,GroundBlock,GroundBlock,GroundBlock,GroundBlock,GroundBlock,GroundBlock,GroundBlock,GroundBlock,GroundBlock,GroundBlock,GroundBlock,GroundBlock,GroundBlock,GroundBlock,GroundBlock,GroundBlock,GroundBlock,GroundBlock,GroundBlock,GroundBlock,GroundBlock,GroundBlock,GroundBlock,GroundBlock,GroundBlock,GroundBlock,GroundBlock,GroundBlock,GroundBlock,GroundBlock,GroundBlock,GroundBlock,GroundBlock,GroundBlock,GroundBlock,GroundBlock,GroundBlock,GroundBlock,GroundBlock,GroundBlock,GroundBlock,GroundBlock,GroundBlock,GroundBlock,*,
GroundBlock,GroundBlock,GroundBlock,GroundBlock,GroundBlock,GroundBlock,GroundBlock,GroundBlock,GroundBlock,GroundBlock,GroundBlock,GroundBlock,GroundBlock,GroundBlock,GroundBlock,GroundBlock,GroundBlock,GroundBlock,GroundBlock,GroundBlock,GroundBlock,GroundBlock,GroundBlock,GroundBlock,GroundBlock,GroundBlock,GroundBlock,GroundBlock,GroundBlock,GroundBlock,GroundBlock,GroundBlock,GroundBlock,GroundBlock,GroundBlock,GroundBlock,GroundBlock,GroundBlock,GroundBlock,GroundBlock,GroundBlock,GroundBlock,GroundBlock,GroundBlock,GroundBlock,GroundBlock,GroundBlock,GroundBlock,GroundBlock,GroundBlock,GroundBlock,GroundBlock,GroundBlock,GroundBlock,GroundBlock,GroundBlock,GroundBlock,GroundBlock,GroundBlock,GroundBlock,GroundBlock,GroundBlock,GroundBlock,GroundBlock,GroundBlock,GroundBlock,GroundBlock,GroundBlock,GroundBlock,,,GroundBlock,GroundBlock,GroundBlock,GroundBlock,GroundBlock,GroundBlock,GroundBlock,GroundBlock,GroundBlock,GroundBlock,GroundBlock,GroundBlock,GroundBlock,GroundBlock,GroundBlock,,,,GroundBlock,GroundBlock,GroundBlock,GroundBlock,GroundBlock,GroundBlock,GroundBlock,GroundBlock,GroundBlock,GroundBlock,GroundBlock,GroundBlock,GroundBlock,GroundBlock,GroundBlock,GroundBlock,GroundBlock,GroundBlock,GroundBlock,GroundBlock,GroundBlock,GroundBlock,GroundBlock,GroundBlock,GroundBlock,GroundBlock,GroundBlock,GroundBlock,GroundBlock,GroundBlock,GroundBlock,GroundBlock,GroundBlock,GroundBlock,GroundBlock,GroundBlock,GroundBlock,GroundBlock,GroundBlock,GroundBlock,GroundBlock,GroundBlock,GroundBlock,GroundBlock,GroundBlock,GroundBlock,GroundBlock,GroundBlock,GroundBlock,GroundBlock,GroundBlock,GroundBlock,GroundBlock,GroundBlock,GroundBlock,GroundBlock,GroundBlock,GroundBlock,GroundBlock,GroundBlock,GroundBlock,GroundBlock,GroundBlock,GroundBlock,,,GroundBlock,GroundBlock,GroundBlock,GroundBlock,GroundBlock,GroundBlock,GroundBlock,GroundBlock,GroundBlock,GroundBlock,GroundBlock,GroundBlock,GroundBlock,GroundBlock,GroundBlock,GroundBlock,GroundBlock,GroundBlock,GroundBlock,GroundBlock,GroundBlock,GroundBlock,GroundBlock,GroundBlock,GroundBlock,GroundBlock,GroundBlock,GroundBlock,GroundBlock,GroundBlock,GroundBlock,GroundBlock,GroundBlock,GroundBlock,GroundBlock,GroundBlock,GroundBlock,GroundBlock,GroundBlock,GroundBlock,GroundBlock,GroundBlock,GroundBlock,GroundBlock,GroundBlock,GroundBlock,GroundBlock,GroundBlock,GroundBlock,GroundBlock,GroundBlock,GroundBlock,GroundBlock,GroundBlock,GroundBlock,GroundBlock,*,
GroundBlock,GroundBlock,GroundBlock,GroundBlock,GroundBlock,GroundBlock,GroundBlock,GroundBlock,GroundBlock,GroundBlock,GroundBlock,GroundBlock,GroundBlock,GroundBlock,GroundBlock,GroundBlock,GroundBlock,GroundBlock,GroundBlock,GroundBlock,GroundBlock,GroundBlock,GroundBlock,GroundBlock,GroundBlock,GroundBlock,GroundBlock,GroundBlock,GroundBlock,GroundBlock,GroundBlock,GroundBlock,GroundBlock,GroundBlock,GroundBlock,GroundBlock,GroundBlock,GroundBlock,GroundBlock,GroundBlock,GroundBlock,GroundBlock,GroundBlock,GroundBlock,GroundBlock,GroundBlock,GroundBlock,GroundBlock,GroundBlock,GroundBlock,GroundBlock,GroundBlock,GroundBlock,GroundBlock,GroundBlock,GroundBlock,GroundBlock,GroundBlock,GroundBlock,GroundBlock,GroundBlock,GroundBlock,GroundBlock,GroundBlock,GroundBlock,GroundBlock,GroundBlock,GroundBlock,GroundBlock,,,GroundBlock,GroundBlock,GroundBlock,GroundBlock,GroundBlock,GroundBlock,GroundBlock,GroundBlock,GroundBlock,GroundBlock,GroundBlock,GroundBlock,GroundBlock,GroundBlock,GroundBlock,,,,GroundBlock,GroundBlock,GroundBlock,GroundBlock,GroundBlock,GroundBlock,GroundBlock,GroundBlock,GroundBlock,GroundBlock,GroundBlock,GroundBlock,GroundBlock,GroundBlock,GroundBlock,GroundBlock,GroundBlock,GroundBlock,GroundBlock,GroundBlock,GroundBlock,GroundBlock,GroundBlock,GroundBlock,GroundBlock,GroundBlock,GroundBlock,GroundBlock,GroundBlock,GroundBlock,GroundBlock,GroundBlock,GroundBlock,GroundBlock,GroundBlock,GroundBlock,GroundBlock,GroundBlock,GroundBlock,GroundBlock,GroundBlock,GroundBlock,GroundBlock,GroundBlock,GroundBlock,GroundBlock,GroundBlock,GroundBlock,GroundBlock,GroundBlock,GroundBlock,GroundBlock,GroundBlock,GroundBlock,GroundBlock,GroundBlock,GroundBlock,GroundBlock,GroundBlock,GroundBlock,GroundBlock,GroundBlock,GroundBlock,GroundBlock,,,GroundBlock,GroundBlock,GroundBlock,GroundBlock,GroundBlock,GroundBlock,GroundBlock,GroundBlock,GroundBlock,GroundBlock,GroundBlock,GroundBlock,GroundBlock,GroundBlock,GroundBlock,GroundBlock,GroundBlock,GroundBlock,GroundBlock,GroundBlock,GroundBlock,GroundBlock,GroundBlock,GroundBlock,GroundBlock,GroundBlock,GroundBlock,GroundBlock,GroundBlock,GroundBlock,GroundBlock,GroundBlock,GroundBlock,GroundBlock,GroundBlock,GroundBlock,GroundBlock,GroundBlock,GroundBlock,GroundBlock,GroundBlock,GroundBlock,GroundBlock,GroundBlock,GroundBlock,GroundBlock,GroundBlock,GroundBlock,GroundBlock,GroundBlock,GroundBlock,GroundBlock,GroundBlock,GroundBlock,GroundBlock,GroundBlock,*,
,,,,,,,,,,,,,,,,,,,,,,,,,,,,,,,,,,,,,,,,,,,,,,,,,,,,,,,,,,,,,,,,,,,,,,,,,,,,,,,,,,,,,,,,,,,,,,,,,,,,,,,,,,,,,,,,,,,,,,,,,,,,,,,,,,,,,,,,,,,,,,,,,,,,,,,,,,,,,,,,,,,,,,,,,,,,,,,,,,,,,,,,,,,,,,,,,,,,,,,,,,,,,,,,,,,,*
,,,,,,,,,,,,,,,,,,,,,,,,,,,,,,,,,,,,,,,,,,,,,,,,,,,,,,,,,,,,,,,,,,,,,,,,,,,,,,,,,,,,,,,,,,,,,,,,,,,,,,,,,,,,,,,,,,,,,,,,,,,,,,,,,,,,,,,,,,,,,,,,,,,,,,,,,,,,,,,,,,,,,,,,,,,,,,,,,,,,,,,,,,,,,,,,,,,,,,,,,,,,,,,,,,,,*
,,,,,,,,,,,,,,,,,,,,,,,,,,,,,,,,,,,,,,,,,,,,,,,,,,,,,,,,,,,,,,,,,,,,,,,,,,,,,,,,,,,,,,,,,,,,,,,,,,,,,,,,,,,,,,,,,,,,,,,,,,,,,,,,,,,,,,,,,,,,,,,,,,,,,,,,,,,,,,,,,,,,,,,,,,,,,,,,,,,,,,,,,,,,,,,,,,,,,,,,,,,,,,,,,,,,*
,,,,,,,,,,,,,,,,,,,,,,,,,,,,,,,,,,,,,,,,,,,,,,,,,,,,,,,,,,,,,,,,,,,,,,,,,,,,,,,,,,,,,,,,,,,,,,,,,,,,,,,,,,,,,,,,,,,,,,,,,,,,,,,,,,,,,,,,,,,,,,,,,,,,,,,,,,,,,,,,,,,,,,,,,,,,,,,,,,,,,,,,,,,,,,,,,,,,,,,,,,,,,,,,,,,,*
,,,,,,,,,,,,,,,,,,,,,,,,,,,,,,,,,,,,,,,,,,,,,,,,,,,,,,,,,,,,,,,,,,,,,,,,,,,,,,,,,,,,,,,,,,,,,,,,,,,,,,,,,,,,,,,,,,,,,,,,,,,,,,,,,,,,,,,,,,,,,,,,,,,,,,,,,,,,,,,,,,,,,,,,,,,,,,,,,,,,,,,,,,,,,,,,,,,,,,,,,,,,,,,,,,,,*
,,,,,,,,,,,,,,,,,,,,,,,,,,,,,,,,,,,,,,,,,,,,,,,,,,,,,,,,,,,,,,,,,,,,,,,,,,,,,,,,,,,,,,,,,,,,,,,,,,,,,,,,,,,,,,,,,,,,,,,,,,,,,,,,,,,,,,,,,,,,,,,,,,,,,,,,,,,,,,,,,,,,,,,,,,,,,,,,,,,,,,,,,,,,,,,,,,,,,,,,,,,,,,,,,,,,*
,,,,,,,,,,,,,,,,,,,,,,,,,,,,,,,,,,,,,,,,,,,,,,,,,,,,,,,,,,,,,,,,,,,,,,,,,,,,,,,,,,,,,,,,,,,,,,,,,,,,,,,,,,,,,,,,,,,,,,,,,,,,,,,,,,,,,,,,,,,,,,,,,,,,,,,,,,,,,,,,,,,,,,,,,,,,,,,,,,,,,,,,,,,,,,,,,,,,,,,,,,,,,,,,,,,,*
,,,,,,,,,,,,,,,,,,,,,,,,,,,,,,,,,,,,,,,,,,,,,,,,,,,,,,,,,,,,,,,,,,,,,,,,,,,,,,,,,,,,,,,,,,,,,,,,,,,,,,,,,,,,,,,,,,,,,,,,,,,,,,,,,,,,,,,,,,,,,,,,,,,,,,,,,,,,,,,,,,,,,,,,,,,,,,,,,,,,,,,,,,,,,,,,,,,,,,,,,,,,,,,,,,,,*
,,,,,,,,,,,,,,,,,,,,,,,,,,,,,,,,,,,,,,,,,,,,,,,,,,,,,,,,,,,,,,,,,,,,,,,,,,,,,,,,,,,,,,,,,,,,,,,,,,,,,,,,,,,,,,,,,,,,,,,,,,,,,,,,,,,,,,,,,,,,,,,,,,,,,,,,,,,,,,,,,,,,,,,,,,,,,,,,,,,,,,,,,,,,,,,,,,,,,,,,,,,,,,,,,,,,*
,,,,,,,,,,,,,,,,,,,,,,,,,,,,,,,,,,,,,,,,,,,,,,,,,,,,,,,,,,,,,,,,,,,,,,,,,,,,,,,,,,,,,,,,,,,,,,,,,,,,,,,,,,,,,,,,,,,,,,,,,,,,,,,,,,,,,,,,,,,,,,,,,,,,,,,,,,,,,,,,,,,,,,,,,,,,,,,,,,,,,,,,,,,,,,,,,,,,,,,,,,,,,,,,,,,,*
,,,,,,,,,,,,,,,,,,,,,,,,,,,,,,,,,,,,,,,,,,,,,,,,,,,,,,,,,,,,,,,,,,,,,,,,,,,,,,,,,,,,,,,,,,,,,,,,,,,,,,,,,,,,,,,,,,,,,,,,,,,,,,,,,,,,,,,,,,,,,,,,,,,,,,,,,,,,,,,,,,,,,,,,,,,,,,,,,,,,,,,,,,,,,,,,,,,,,,,,,,,,,,,,,,,,*
,,,,,,,,,,,,,,,,,,,,,,,,,,,,,,,,,,,,,,,,,,,,,,,,,,,,,,,,,,,,,,,,,,,,,,,,,,,,,,,,,,,,,,,,,,,,,,,,,,,,,,,,,,,,,,,,,,,,,,,,,,,,,,,,,,,,,,,,,,,,,,,,,,,,,,,,,,,,,,,,,,,,,,,,,,,,,,,,,,,,,,,,,,,,,,,,,,,,,,,,,,,,,,,,,,,,*
,,,,,,DarkBrickBlock,,,,DarkBrickBlock,DarkBrickBlock,DarkBrickBlock,DarkBrickBlock,DarkBrickBlock,DarkBrickBlock,DarkBrickBlock,,,,,LeftPipePiece,RightPipePiece,DarkBrickBlock,DarkBrickBlock,DarkBrickBlock,DarkBrickBlock,DarkBrickBlock,DarkBrickBlock,DarkBrickBlock,DarkBrickBlock,DarkBrickBlock,,,,,,,,,,,,,,,,,,,,,,,,,,,,,,,,,,,,,,,,,,,,,,,,,,,,,,,,,,,,,,,,,,,,,,,,,,,,,,,,,,,,,,,,,,,,,,,,,,,,,,,,,,,,,,,,,,,,,,,,,,,,,,,,,,,,,,,,,,,,,,,,,,,,,,,,,,,,,,,,,,,,,,,,,,,,,,,,,,,,*,
,,,,,,DarkBrickBlock,,,,,,,,,,,,,,,LeftPipePiece,RightPipePiece,DarkBrickBlock,DarkBrickBlock,DarkBrickBlock,DarkBrickBlock,DarkBrickBlock,DarkBrickBlock,DarkBrickBlock,DarkBrickBlock,DarkBrickBlock,,,,,,,,,,,,,,,,,,,,,,,,,,,,,,,,,,,,,,,,,,,,,,,,,,,,,,,,,,,,,,,,,,,,,,,,,,,,,,,,,,,,,,,,,,,,,,,,,,,,,,,,,,,,,,,,,,,,,,,,,,,,,,,,,,,,,,,,,,,,,,,,,,,,,,,,,,,,,,,,,,,,,,,,,,,,,,,,,,,,,
,,,,,,DarkBrickBlock,,,,,,,,,,,,,,,LeftPipePiece,RightPipePiece,DarkBrickBlock,DarkBrickBlock,DarkBrickBlock,DarkBrickBlock,DarkBrickBlock,DarkBrickBlock,DarkBrickBlock,DarkBrickBlock,DarkBrickBlock,,,,,,,,,,,,,,,,,,,,,,,,,,,,,,,,,,,,,,,,,,,,,,,,,,,,,,,,,,,,,,,,,,,,,,,,,,,,,,,,,,,,,,,,,,,,,,,,,,,,,,,,,,,,,,,,,,,,,,,,,,,,,,,,,,,,,,,,,,,,,,,,,,,,,,,,,,,,,,,,,,,,,,,,,,,,,,,,,,,,,
,,,,,,DarkBrickBlock,,,,,Coin,Coin,Coin,Coin,Coin,,,,,,LeftPipePiece,RightPipePiece,DarkBrickBlock,DarkBrickBlock,DarkBrickBlock,DarkBrickBlock,DarkBrickBlock,DarkBrickBlock,DarkBrickBlock,DarkBrickBlock,DarkBrickBlock,,,,,,,,,,,,,,,,,,,,,,,,,,,,,,,,,,,,,,,,,,,,,,,,,,,,,,,,,,,,,,,,,,,,,,,,,,,,,,,,,,,,,,,,,,,,,,,,,,,,,,,,,,,,,,,,,,,,,,,,,,,,,,,,,,,,,,,,,,,,,,,,,,,,,,,,,,,,,,,,,,,,,,,,,,,,,,,,,,,,,
,,,,,,DarkBrickBlock,,,,,,,,,,,,,,,LeftPipePiece,RightPipePiece,DarkBrickBlock,DarkBrickBlock,DarkBrickBlock,DarkBrickBlock,DarkBrickBlock,DarkBrickBlock,DarkBrickBlock,DarkBrickBlock,DarkBrickBlock,,,,,,,,,,,,,,,,,,,,,,,,,,,,,,,,,,,,,,,,,,,,,,,,,,,,,,,,,,,,,,,,,,,,,,,,,,,,,,,,,,,,,,,,,,,,,,,,,,,,,,,,,,,,,,,,,,,,,,,,,,,,,,,,,,,,,,,,,,,,,,,,,,,,,,,,,,,,,,,,,,,,,,,,,,,,,,,,,,,,,
,,,,,,DarkBrickBlock,,,,Coin,Coin,Coin,Coin,Coin,Coin,Coin,,,,,LeftPipePiece,RightPipePiece,DarkBrickBlock,DarkBrickBlock,DarkBrickBlock,DarkBrickBlock,DarkBrickBlock,DarkBrickBlock,DarkBrickBlock,DarkBrickBlock,DarkBrickBlock,,,,,,,,,,,,,,,,,,,,,,,,,,,,,,,,,,,,,,,,,,,,,,,,,,,,,,,,,,,,,,,,,,,,,,,,,,,,,,,,,,,,,,,,,,,,,,,,,,,,,,,,,,,,,,,,,,,,,,,,,,,,,,,,,,,,,,,,,,,,,,,,,,,,,,,,,,,,,,,,,,,,,,,,,,,,,,,,,,,,,
,,,,,,DarkBrickBlock,,,,,,,,,,,,,,,LeftPipePiece,RightPipePiece,DarkBrickBlock,DarkBrickBlock,DarkBrickBlock,DarkBrickBlock,DarkBrickBlock,DarkBrickBlock,DarkBrickBlock,DarkBrickBlock,DarkBrickBlock,,,,,,,,,,,,,,,,,,,,,,,,,,,,,,,,,,,,,,,,,,,,,,,,,,,,,,,,,,,,,,,,,,,,,,,,,,,,,,,,,,,,,,,,,,,,,,,,,,,,,,,,,,,,,,,,,,,,,,,,,,,,,,,,,,,,,,,,,,,,,,,,,,,,,,,,,,,,,,,,,,,,,,,,,,,,,,,,,,,,,
,,,,,,DarkBrickBlock,,,,Coin,Coin,Coin,Coin,Coin,Coin,Coin,,,,,LeftPipePiece,RightPipePiece,DarkBrickBlock,DarkBrickBlock,DarkBrickBlock,DarkBrickBlock,DarkBrickBlock,DarkBrickBlock,DarkBrickBlock,DarkBrickBlock,DarkBrickBlock,,,,,,,,,,,,,,,,,,,,,,,,,,,,,,,,,,,,,,,,,,,,,,,,,,,,,,,,,,,,,,,,,,,,,,,,,,,,,,,,,,,,,,,,,,,,,,,,,,,,,,,,,,,,,,,,,,,,,,,,,,,,,,,,,,,,,,,,,,,,,,,,,,,,,,,,,,,,,,,,,,,,,,,,,,,,,,,,,,,,,
,,,,,,DarkBrickBlock,,,,DarkBrickBlock,DarkBrickBlock,DarkBrickBlock,DarkBrickBlock,DarkBrickBlock,DarkBrickBlock,DarkBrickBlock,,,,,LeftPipePiece,RightPipePiece,DarkBrickBlock,DarkBrickBlock,DarkBrickBlock,DarkBrickBlock,DarkBrickBlock,DarkBrickBlock,DarkBrickBlock,DarkBrickBlock,DarkBrickBlock,,,,,,,,,,,,,,,,,,,,,,,,,,,,,,,,,,,,,,,,,,,,,,,,,,,,,,,,,,,,,,,,,,,,,,,,,,,,,,,,,,,,,,,,,,,,,,,,,,,,,,,,,,,,,,,,,,,,,,,,,,,,,,,,,,,,,,,,,,,,,,,,,,,,,,,,,,,,,,,,,,,,,,,,,,,,,,,,,,,,,
,,,,,,DarkBrickBlock,,,,DarkBrickBlock,DarkBrickBlock,DarkBrickBlock,DarkBrickBlock,DarkBrickBlock,DarkBrickBlock,DarkBrickBlock,,,,,LeftPipePiece,RightPipePiece,DarkBrickBlock,DarkBrickBlock,DarkBrickBlock,DarkBrickBlock,DarkBrickBlock,DarkBrickBlock,DarkBrickBlock,DarkBrickBlock,DarkBrickBlock,,,,,,,,,,,,,,,,,,,,,,,,,,,,,,,,,,,,,,,,,,,,,,,,,,,,,,,,,,,,,,,,,,,,,,,,,,,,,,,,,,,,,,,,,,,,,,,,,,,,,,,,,,,,,,,,,,,,,,,,,,,,,,,,,,,,,,,,,,,,,,,,,,,,,,,,,,,,,,,,,,,,,,,,,,,,,,,,,,,,,
,,,,,,DarkBrickBlock,,,,DarkBrickBlock,DarkBrickBlock,DarkBrickBlock,DarkBrickBlock,DarkBrickBlock,DarkBrickBlock,DarkBrickBlock,,,HorPipe,,LeftPipePiece,RightPipePiece,DarkBrickBlock,DarkBrickBlock,DarkBrickBlock,DarkBrickBlock,DarkBrickBlock,DarkBrickBlock,DarkBrickBlock,DarkBrickBlock,DarkBrickBlock,,,,,,,,,,,,,,,,,,,,,,,,,,,,,,,,,,,,,,,,,,,,,,,,,,,,,,,,,,,,,,,,,,,,,,,,,,,,,,,,,,,,,,,,,,,,,,,,,,,,,,,,,,,,,,,,,,,,,,,,,,,,,,,,,,,,,,,,,,,,,,,,,,,,,,,,,,,,,,,,,,,,,,,,,,,,,,,,,,,,,
,,,,,,DarkGroundBlock,DarkGroundBlock,DarkGroundBlock,DarkGroundBlock,DarkGroundBlock,DarkGroundBlock,DarkGroundBlock,DarkGroundBlock,DarkGroundBlock,DarkGroundBlock,DarkGroundBlock,DarkGroundBlock,DarkGroundBlock,DarkGroundBlock,DarkGroundBlock,DarkGroundBlock,DarkGroundBlock,DarkGroundBlock,DarkGroundBlock,DarkGroundBlock,DarkGroundBlock,DarkGroundBlock,DarkGroundBlock,DarkGroundBlock,DarkGroundBlock,DarkGroundBlock,,,,,,,,,,,,,,,,,,,,,,,,,,,,,,,,,,,,,,,,,,,,,,,,,,,,,,,,,,,,,,,,,,,,,,,,,,,,,,,,,,,,,,,,,,,,,,,,,,,,,,,,,,,,,,,,,,,,,,,,,,,,,,,,,,,,,,,,,,,,,,,,,,,,,,,,,,,,,,,,,,,,,,,,,,,,,,,,,,,,,
,,,,,,DarkGroundBlock,DarkGroundBlock,DarkGroundBlock,DarkGroundBlock,DarkGroundBlock,DarkGroundBlock,DarkGroundBlock,DarkGroundBlock,DarkGroundBlock,DarkGroundBlock,DarkGroundBlock,DarkGroundBlock,DarkGroundBlock,DarkGroundBlock,DarkGroundBlock,DarkGroundBlock,DarkGroundBlock,DarkGroundBlock,DarkGroundBlock,DarkGroundBlock,DarkGroundBlock,DarkGroundBlock,DarkGroundBlock,DarkGroundBlock,DarkGroundBlock,DarkGroundBlock,,,,,,,,,,,,,,,,,,,,,,,,,,,,,,,,,,,,,,,,,,,,,,,,,,,,,,,,,,,,,,,,,,,,,,,,,,,,,,,,,,,,,,,,,,,,,,,,,,,,,,,,,,,,,,,,,,,,,,,,,,,,,,,,,,,,,,,,,,,,,,,,,,,,,,,,,,,,,,,,,,,,,,,,,,,,,,,,,,,,,
,,,,,,DarkGroundBlock,DarkGroundBlock,DarkGroundBlock,DarkGroundBlock,DarkGroundBlock,DarkGroundBlock,DarkGroundBlock,DarkGroundBlock,DarkGroundBlock,DarkGroundBlock,DarkGroundBlock,DarkGroundBlock,DarkGroundBlock,DarkGroundBlock,DarkGroundBlock,DarkGroundBlock,DarkGroundBlock,DarkGroundBlock,DarkGroundBlock,DarkGroundBlock,DarkGroundBlock,DarkGroundBlock,DarkGroundBlock,DarkGroundBlock,DarkGroundBlock,DarkGroundBlock,,,,,,,,,,,,,,,,,,,,,,,,,,,,,,,,,,,,,,,,,,,,,,,,,,,,,,,,,,,,,,,,,,,,,,,,,,,,,,,,,,,,,,,,,,,,,,,,,,,,,,,,,,,,,,,,,,,,,,,,,,,,,,,,,,,,,,,,,,,,,,,,,,,,,,,,,,,,,,,,,,,,,,,,,,,,,,,,,,,,,
